item_id,store_id,policy_strategy,simulated_on_hand,lead_time_days,lead_plus_review_demand,safety_stock,target_inventory_position,illustrative_order_qty,risk
FOODS_1_004,CA_1,forecast,0.0,7,10.496273690525397,25.07744769373618,35.573721384261574,35.573721384261574,High
FOODS_1_004,TX_1,forecast,0.0,5,2.2963149730571493,14.703586756686823,16.99990172974397,16.99990172974397,High
FOODS_1_004,WI_1,forecast,0.0,7,10.496273690525397,22.697792119739074,33.19406581026447,33.19406581026447,High
FOODS_1_018,CA_1,forecast,81.0,5,65.745660371741,16.02941452088241,81.77507489262341,0.7750748926234081,Medium
FOODS_1_018,TX_1,forecast,46.0,3,24.184664933466244,6.9012131690979,31.085878102564145,0.0,Low
FOODS_1_018,WI_1,forecast,101.0,7,94.39308111166403,15.202958988108207,109.59604009977224,8.596040099772239,Medium
FOODS_1_032,CA_1,forecast,18.0,7,17.38763366872198,24.749044844935902,42.136678513657884,24.136678513657884,Medium
FOODS_1_032,TX_1,forecast,26.0,7,43.93065728504697,16.408426290477394,60.33908357552436,34.33908357552436,High
FOODS_1_032,WI_1,forecast,55.0,3,30.00115351113213,15.49160385131836,45.49275736245049,0.0,Low
FOODS_1_043,CA_1,forecast,0.0,5,2.2963149730571493,16.15829482960499,18.45460980266214,18.45460980266214,High
FOODS_1_043,TX_1,forecast,0.0,5,35.17562411670795,18.706225431711434,53.88184954841938,53.88184954841938,High
FOODS_1_043,WI_1,forecast,0.0,7,10.496273690525397,17.651252559366636,28.14752624989203,28.14752624989203,High
FOODS_1_046,CA_1,forecast,67.0,5,48.35516834530134,14.134506527429217,62.48967487273055,0.0,Low
FOODS_1_046,TX_1,forecast,12.0,7,15.307217525841448,9.647824977385111,24.955042503226558,12.955042503226558,High
FOODS_1_046,WI_1,forecast,41.0,5,40.77870322357331,17.456051864073636,58.234755087646946,17.234755087646946,Medium
FOODS_1_085,CA_1,forecast,68.0,3,32.54906738259261,13.895585060119629,46.44465244271224,0.0,Low
FOODS_1_085,TX_1,forecast,29.0,5,23.653842173480868,9.951033391933013,33.60487556541388,4.604875565413877,Medium
FOODS_1_085,WI_1,forecast,115.0,3,46.021340485452896,13.363758087158203,59.3850985726111,0.0,Low
FOODS_1_218,CA_1,forecast,43.0,7,56.438137548514845,26.376083133549606,82.81422068206444,39.814220682064445,High
FOODS_1_218,TX_1,forecast,68.0,5,51.65449873206931,20.670284154692926,72.32478288676224,4.324782886762236,Medium
FOODS_1_218,WI_1,forecast,71.0,7,77.97416628797893,18.660846935141084,96.63501322312001,25.635013223120012,High
FOODS_2_019,CA_1,forecast,117.0,5,89.6486652580907,26.906856746298974,116.55552200438967,0.0,Low
FOODS_2_019,TX_1,forecast,14.0,7,15.511978221273601,6.099615996818601,21.6115942180922,7.6115942180922005,High
FOODS_2_019,WI_1,forecast,7.0,7,9.851412137443965,2.96795072640623,12.819362863850195,5.819362863850195,High
FOODS_2_181,CA_1,forecast,40.0,7,47.00453405987285,10.812477271656348,57.8170113315292,17.8170113315292,High
FOODS_2_181,TX_1,forecast,135.0,3,61.439800842908525,12.575737953186035,74.01553879609456,0.0,Low
FOODS_2_181,WI_1,forecast,53.0,5,37.84872986448277,6.537934937537321,44.38666480202009,0.0,Low
FOODS_2_197,CA_1,forecast,142.0,3,65.1332763569844,25.472970962524414,90.60624731950881,0.0,Low
FOODS_2_197,TX_1,forecast,17.0,3,10.247903973794276,6.571612358093262,16.819516331887538,0.0,Low
FOODS_2_197,WI_1,forecast,5.0,5,12.132852252044227,5.257432297230501,17.390284549274728,12.390284549274728,High
FOODS_2_276,CA_1,forecast,75.0,7,79.7873414525831,28.31595758534718,108.10329903793028,33.103299037930284,High
FOODS_2_276,TX_1,forecast,25.0,7,25.569366872836504,11.106725663122548,36.67609253595905,11.67609253595905,High
FOODS_2_276,WI_1,forecast,16.0,5,16.906044101760056,5.860705952725204,22.76675005448526,6.766750054485261,High
FOODS_2_347,CA_1,forecast,73.0,5,57.3296794281913,18.543834981272635,75.87351440946394,2.8735144094639367,Medium
FOODS_2_347,TX_1,forecast,44.0,5,37.20392269342035,7.346676920490923,44.550599613911274,0.5505996139112739,Medium
FOODS_2_347,WI_1,forecast,26.0,3,15.63672967064225,3.9477553367614746,19.584485007403725,0.0,Low
FOODS_2_360,CA_1,forecast,54.0,3,30.58929437085842,25.37250328063965,55.96179765149807,1.9617976514980668,Medium
FOODS_2_360,TX_1,forecast,29.0,5,30.03600074447881,16.09032495588969,46.1263257003685,17.126325700368497,High
FOODS_2_360,WI_1,forecast,107.0,3,50.53420321628103,20.440168380737305,70.97437159701833,0.0,Low
FOODS_3_007,CA_1,forecast,16.0,5,41.32173608539422,19.41051306755418,60.7322491529484,44.7322491529484,High
FOODS_3_007,TX_1,forecast,2.0,5,15.464487586002715,30.414444689874124,45.878932275876835,43.878932275876835,High
FOODS_3_007,WI_1,forecast,4.0,7,36.381920142570934,19.436692866025382,55.818613008596316,51.818613008596316,High
FOODS_3_030,CA_1,forecast,48.0,7,58.938396985562605,35.20394757947625,94.14234456503885,46.142344565038854,High
FOODS_3_030,TX_1,forecast,72.0,5,53.290133303928066,29.436095720734293,82.72622902466236,10.72622902466236,Medium
FOODS_3_030,WI_1,forecast,48.0,7,48.135917966847934,13.25151809238009,61.38743605922802,13.387436059228023,High
FOODS_3_042,CA_1,forecast,20.0,7,23.643797832927724,8.177823823274268,31.82162165620199,11.821621656201991,High
FOODS_3_042,TX_1,forecast,14.0,5,14.87753649894606,5.741633988898471,20.61917048784453,6.619170487844531,High
FOODS_3_042,WI_1,forecast,107.0,3,49.827287017257014,10.905318260192871,60.732605277449885,0.0,Low
FOODS_3_080,CA_1,forecast,130.0,5,103.01980244034937,19.01212782368143,122.03193026403079,0.0,Low
FOODS_3_080,TX_1,forecast,41.0,3,20.16321392420521,8.530318260192871,28.69353218439808,0.0,Low
FOODS_3_080,WI_1,forecast,98.0,3,42.592170451739634,11.036298751831055,53.62846920357069,0.0,Low
FOODS_3_090,CA_1,forecast,381.0,3,171.71006663773156,115.72463989257812,287.43470653030965,0.0,Low
FOODS_3_090,TX_1,forecast,332.0,7,368.8663532702057,130.24980062898229,499.116153899188,167.11615389918802,High
FOODS_3_090,WI_1,forecast,138.0,5,116.91935061514707,43.852906211997066,160.77225682714413,22.772256827144133,Medium
FOODS_3_099,CA_1,forecast,98.0,7,108.35068423527697,22.391555141507645,130.74223937678462,32.742239376784624,High
FOODS_3_099,TX_1,forecast,71.0,7,74.22682923331712,13.522045563154784,87.74887479647191,16.74887479647191,High
FOODS_3_099,WI_1,forecast,57.0,5,47.303098678893505,13.58234956214255,60.88544824103606,3.885448241036059,Medium
FOODS_3_120,CA_1,forecast,301.0,5,222.56136652105252,82.16681142379484,304.72817794484735,3.7281779448473458,Medium
FOODS_3_120,TX_1,forecast,128.0,3,54.717607352971385,13.66025161743164,68.37785897040303,0.0,Low
FOODS_3_120,WI_1,forecast,74.0,3,33.835735052355474,10.860522270202637,44.69625732255811,0.0,Low
FOODS_3_202,CA_1,forecast,117.0,5,89.42412900722715,24.99959823912995,114.4237272463571,0.0,Low
FOODS_3_202,TX_1,forecast,188.0,5,135.62763838987607,34.20611080102165,169.83374919089772,0.0,Low
FOODS_3_202,WI_1,forecast,80.0,5,64.99419598643986,13.944853608611252,78.93904959505112,0.0,Low
FOODS_3_226,CA_1,forecast,34.0,7,47.37757197353064,10.737567823336601,58.11513979686724,24.11513979686724,High
FOODS_3_226,TX_1,forecast,110.0,5,89.89388623703015,14.664171167897855,104.55805740492801,0.0,Low
FOODS_3_226,WI_1,forecast,247.0,5,193.318715562441,35.74535343325356,229.06406899569458,0.0,Low
FOODS_3_228,CA_1,forecast,50.0,5,39.0632726269207,11.155922131948662,50.219194758869364,0.21919475886936368,Medium
FOODS_3_228,TX_1,forecast,31.0,5,25.267910063887214,8.888062846903706,34.15597291079092,3.155972910790922,Medium
FOODS_3_228,WI_1,forecast,20.0,3,10.919870028799702,5.196434020996094,16.116304049795794,0.0,Low
FOODS_3_234,CA_1,forecast,36.0,5,39.79719799397151,28.129022656627146,67.92622065059865,31.92622065059865,High
FOODS_3_234,TX_1,forecast,89.0,3,27.279372205354736,38.136817932128906,65.41619013748364,0.0,Low
FOODS_3_234,WI_1,forecast,29.0,5,39.21163523679702,16.453646607767993,55.665281844565015,26.665281844565015,High
FOODS_3_252,CA_1,forecast,260.0,7,290.6745433855098,52.95844710505263,343.63299049056246,83.63299049056246,High
FOODS_3_252,TX_1,forecast,223.0,3,102.56808028088247,29.101829528808594,131.66990980969106,0.0,Low
FOODS_3_252,WI_1,forecast,73.0,3,29.878408752050166,11.3991060256958,41.277514777745964,0.0,Low
FOODS_3_281,CA_1,forecast,59.0,3,28.715104370508826,30.357973098754883,59.07307746926371,0.0730774692637084,Medium
FOODS_3_281,TX_1,forecast,19.0,3,10.924359785298481,8.750472068786621,19.674831854085102,0.6748318540851024,Medium
FOODS_3_281,WI_1,forecast,43.0,5,34.91584368203468,11.938808511831471,46.854652193866144,3.854652193866144,Medium
FOODS_3_282,CA_1,forecast,136.0,5,107.16384572158739,46.57862043838958,153.74246615997697,17.74246615997697,Medium
FOODS_3_282,TX_1,forecast,114.0,7,102.39825622413245,28.00508512812913,130.40334135226158,16.403341352261577,Medium
FOODS_3_282,WI_1,forecast,81.0,5,68.19650172338221,20.612906943062832,88.80940866644505,7.8094086664450515,Medium
FOODS_3_288,CA_1,forecast,113.0,5,94.03277099396598,28.233650452885612,122.2664214468516,9.266421446851595,Medium
FOODS_3_288,TX_1,forecast,110.0,7,109.92976625557337,26.889128291103017,136.81889454667638,26.818894546676376,Medium
FOODS_3_288,WI_1,forecast,66.0,3,33.54849949722186,12.84939193725586,46.39789143447772,0.0,Low
FOODS_3_295,CA_1,forecast,142.0,3,76.28943537449717,23.213022232055664,99.50245760655284,0.0,Low
FOODS_3_295,TX_1,forecast,49.0,3,23.817333078322147,14.082459449768066,37.89979252809022,0.0,Low
FOODS_3_295,WI_1,forecast,73.0,7,76.35593533093234,24.877651401307254,101.23358673223959,28.233586732239587,High
FOODS_3_318,CA_1,forecast,72.0,5,59.19545569815865,54.162401175652185,113.35785687381085,41.357856873810846,Medium
FOODS_3_318,TX_1,forecast,60.0,3,25.54789759179787,17.11138916015625,42.65928675195412,0.0,Low
FOODS_3_318,WI_1,forecast,102.0,5,84.57784314125723,29.181829782411295,113.75967292366853,11.759672923668532,Medium
FOODS_3_319,CA_1,forecast,0.0,3,2.336125601833282,28.566789627075195,30.902915228908476,30.902915228908476,High
FOODS_3_319,TX_1,forecast,0.0,5,11.98232415122882,23.364649053666014,35.34697320489484,35.34697320489484,High
FOODS_3_319,WI_1,forecast,0.0,5,6.95053936689653,20.183278660473903,27.13381802737043,27.13381802737043,High
FOODS_3_329,CA_1,forecast,69.0,5,62.44838486303406,34.037616342196344,96.4860012052304,27.486001205230394,Medium
FOODS_3_329,TX_1,forecast,100.0,5,62.82005226209144,18.69146882207593,81.51152108416737,0.0,Low
FOODS_3_329,WI_1,forecast,62.0,5,45.98691639507297,16.806625551214882,62.793541946287846,0.7935419462878457,Medium
FOODS_3_362,CA_1,forecast,103.0,5,86.79574307399986,34.762839348555694,121.55858242255556,18.55858242255556,Medium
FOODS_3_362,TX_1,forecast,58.0,3,26.546384559238128,16.178163528442383,42.72454808768051,0.0,Low
FOODS_3_362,WI_1,forecast,70.0,3,31.859771107856947,9.411972045898438,41.27174315375538,0.0,Low
FOODS_3_376,CA_1,forecast,37.0,7,36.74628087369443,26.560372083124825,63.306652956819256,26.306652956819256,Medium
FOODS_3_376,TX_1,forecast,72.0,7,83.47959257330436,29.06584780104453,112.54544037434889,40.545440374348885,High
FOODS_3_376,WI_1,forecast,23.0,5,15.967085264759941,9.547508330053212,25.514593594813153,2.514593594813153,Medium
FOODS_3_377,CA_1,forecast,51.0,3,27.69728122433437,9.526102066040039,37.22338329037441,0.0,Low
FOODS_3_377,TX_1,forecast,100.0,7,101.23811864921079,17.75862384758426,118.99674249679505,18.99674249679505,High
FOODS_3_377,WI_1,forecast,24.0,7,37.214272688501225,8.852721645654002,46.066994334155225,22.066994334155225,High
FOODS_3_389,CA_1,forecast,50.0,7,57.54326049904456,14.909571066701204,72.45283156574575,22.452831565745754,High
FOODS_3_389,TX_1,forecast,110.0,5,79.7767120720906,18.078821904564055,97.85553397665466,0.0,Low
FOODS_3_389,WI_1,forecast,20.0,3,9.25514878190912,6.252373695373535,15.507522477282656,0.0,Low
FOODS_3_406,CA_1,forecast,85.0,3,41.600248024987536,19.203845977783203,60.80409400277074,0.0,Low
FOODS_3_406,TX_1,forecast,17.0,7,31.56397110161391,16.709424921201098,48.27339602281501,31.273396022815007,High
FOODS_3_406,WI_1,forecast,37.0,5,31.82476791806105,13.628108600902266,45.452876518963315,8.452876518963315,Medium
FOODS_3_455,CA_1,forecast,55.0,3,26.6686634140445,20.249164581298828,46.91782799534333,0.0,Low
FOODS_3_455,TX_1,forecast,68.0,5,58.141836575963936,28.723188187858934,86.86502476382287,18.865024763822873,Medium
FOODS_3_455,WI_1,forecast,5.0,5,6.38728527319228,5.12424904803798,11.51153432123026,6.511534321230259,High
FOODS_3_458,CA_1,forecast,56.0,3,22.569465148565115,7.84764289855957,30.417108047124685,0.0,Low
FOODS_3_458,TX_1,forecast,50.0,7,49.20309104668155,13.647386918878302,62.850477965559854,12.850477965559854,Medium
FOODS_3_458,WI_1,forecast,27.0,7,32.3705681366955,10.962211874598818,43.33278001129432,16.332780011294318,High
FOODS_3_462,CA_1,forecast,38.0,7,44.461956976204235,19.93172075160257,64.3936777278068,26.393677727806804,High
FOODS_3_462,TX_1,forecast,65.0,5,57.009041394046285,21.319292320785056,78.32833371483134,13.328333714831345,Medium
FOODS_3_462,WI_1,forecast,24.0,5,18.88415074914212,11.1460653147321,30.03021606387422,6.030216063874221,Medium
FOODS_3_491,CA_1,forecast,75.0,5,57.52306206626373,32.961346277172204,90.48440834343594,15.484408343435945,Medium
FOODS_3_491,TX_1,forecast,40.0,5,31.2230151609955,12.619774537369313,43.84278969836481,3.842789698364811,Medium
FOODS_3_491,WI_1,forecast,123.0,3,59.69372437189875,25.737346649169922,85.43107102106868,0.0,Low
FOODS_3_499,CA_1,forecast,91.0,5,77.72042647722604,26.73222090283986,104.4526473800659,13.452647380065898,Medium
FOODS_3_499,TX_1,forecast,41.0,3,22.66525012589981,14.134485244750977,36.79973537065079,0.0,Low
FOODS_3_499,WI_1,forecast,46.0,5,35.842263205463354,8.863139313999854,44.705402519463206,0.0,Low
FOODS_3_501,CA_1,forecast,110.0,5,82.39488615235902,30.602785936013547,112.99767208837257,2.9976720883725676,Medium
FOODS_3_501,TX_1,forecast,30.0,3,20.035879808963564,13.371414184570312,33.40729399353388,3.4072939935338766,Medium
FOODS_3_501,WI_1,forecast,41.0,3,24.37808342095486,13.943971633911133,38.32205505486599,0.0,Low
FOODS_3_516,CA_1,forecast,61.0,5,53.78137025992572,14.837994077978285,68.619364337904,7.619364337904003,Medium
FOODS_3_516,TX_1,forecast,41.0,3,22.37202231800524,11.766709327697754,34.13873164570299,0.0,Low
FOODS_3_516,WI_1,forecast,66.0,7,76.75233402680709,13.234721393136741,89.98705541994383,23.98705541994383,High
FOODS_3_541,CA_1,forecast,0.0,5,6.785652278262797,46.9665204768881,53.752172755150895,53.752172755150895,High
FOODS_3_541,TX_1,forecast,0.0,5,15.801058177255712,38.56409713916553,54.365155316421244,54.365155316421244,High
FOODS_3_541,WI_1,forecast,0.0,5,11.972204616617123,16.718693257420398,28.69089787403752,28.69089787403752,High
FOODS_3_547,CA_1,forecast,1.0,3,1.3559215076611126,16.044607162475586,17.400528670136698,16.400528670136698,High
FOODS_3_547,TX_1,forecast,1.0,7,25.108474340719738,38.206545712756736,63.31502005347647,62.31502005347647,High
FOODS_3_547,WI_1,forecast,28.0,5,24.973294785404715,14.208894603609853,39.18218938901457,11.182189389014567,Medium
FOODS_3_555,CA_1,forecast,124.0,7,143.19626301132436,22.157661037109044,165.3539240484334,41.35392404843341,High
FOODS_3_555,TX_1,forecast,215.0,3,92.81679105560364,36.89719009399414,129.71398114959777,0.0,Low
FOODS_3_555,WI_1,forecast,68.0,5,55.59647985982549,11.577151270965567,67.17363113079107,0.0,Low
FOODS_3_586,CA_1,forecast,268.0,5,206.34703760781807,40.17320064962436,246.52023825744243,0.0,Low
FOODS_3_586,TX_1,forecast,421.0,7,416.2643122655395,55.759263660751934,472.0235759262914,51.023575926291414,Medium
FOODS_3_586,WI_1,forecast,100.0,5,81.40992569036112,17.740946469047888,99.150872159409,0.0,Low
FOODS_3_587,CA_1,forecast,122.0,5,104.43980942323665,52.535992462695354,156.97580188593201,34.975801885932015,Medium
FOODS_3_587,TX_1,forecast,162.0,3,73.92376505587633,30.554950714111328,104.47871576998766,0.0,Low
FOODS_3_587,WI_1,forecast,98.0,5,77.749822790173,18.78328941359691,96.53311220376992,0.0,Low
FOODS_3_607,CA_1,forecast,80.0,5,61.5772584280041,35.55956077997662,97.13681920798072,17.13681920798072,Medium
FOODS_3_607,TX_1,forecast,115.0,5,82.65653238547765,35.37953341284508,118.03606579832272,3.036065798322724,Medium
FOODS_3_607,WI_1,forecast,17.0,3,10.42706499741844,8.56521987915039,18.99228487656883,1.9922848765688315,Medium
FOODS_3_635,CA_1,forecast,0.0,7,14.148842329183868,54.225280218853676,68.37412254803755,68.37412254803755,High
FOODS_3_635,TX_1,forecast,0.0,7,34.20294601235652,35.5398006423941,69.74274665475062,69.74274665475062,High
FOODS_3_635,WI_1,forecast,0.0,3,0.6428020280893099,14.884957313537598,15.527759341626908,15.527759341626908,High
FOODS_3_668,CA_1,forecast,55.0,5,42.264034786580744,11.219861210994642,53.48389599757539,0.0,Low
FOODS_3_668,TX_1,forecast,12.0,3,8.042126562812275,3.81742000579834,11.859546568610615,0.0,Low
FOODS_3_668,WI_1,forecast,86.0,5,65.06274296914341,13.512840254241754,78.57558322338517,0.0,Low
FOODS_3_681,CA_1,forecast,138.0,3,61.50096019503577,33.12767791748047,94.62863811251624,0.0,Low
FOODS_3_681,TX_1,forecast,262.0,5,209.79080271608598,29.806190649427243,239.5969933655132,0.0,Low
FOODS_3_681,WI_1,forecast,21.0,7,23.42709412469216,8.031744869384237,31.458838994076398,10.458838994076398,High
FOODS_3_694,CA_1,forecast,72.0,7,83.70099362740919,19.06686742015902,102.7678610475682,30.767861047568204,High
FOODS_3_694,TX_1,forecast,133.0,3,61.0315320651425,16.505273818969727,77.53680588411223,0.0,Low
FOODS_3_694,WI_1,forecast,137.0,7,151.431169233063,24.572767168325633,176.00393640138864,39.00393640138864,High
FOODS_3_702,CA_1,forecast,91.0,3,39.875531287914185,20.814037322998047,60.68956861091223,0.0,Low
FOODS_3_702,TX_1,forecast,33.0,3,20.302850906003037,5.210699558258057,25.513550464261094,0.0,Low
FOODS_3_702,WI_1,forecast,147.0,5,110.79605836868573,19.553810095663422,130.34986846434916,0.0,Low
FOODS_3_711,CA_1,forecast,18.0,5,19.668965667765015,27.273157985891395,46.94212365365641,28.94212365365641,High
FOODS_3_711,TX_1,forecast,24.0,7,33.01789224473097,30.751837729607395,63.76972997433837,39.76972997433837,High
FOODS_3_711,WI_1,forecast,40.0,7,44.05242410097451,17.519258070724582,61.571682171699095,21.571682171699095,High
FOODS_3_714,CA_1,forecast,110.0,5,98.0342274940578,35.528767424235724,133.56299491829353,23.562994918293526,Medium
FOODS_3_714,TX_1,forecast,131.0,7,149.9279914818843,35.06816054881779,184.9961520307021,53.99615203070209,High
FOODS_3_714,WI_1,forecast,115.0,3,56.18262592503402,17.670133590698242,73.85275951573226,0.0,Low
FOODS_3_723,CA_1,forecast,102.0,5,77.28857564785795,33.55343976269452,110.84201541055248,8.842015410552477,Medium
FOODS_3_723,TX_1,forecast,116.0,3,54.9432733516627,30.32608413696289,85.26935748862559,0.0,Low
FOODS_3_723,WI_1,forecast,72.0,7,85.03579933853538,21.159727514205805,106.19552685274118,34.19552685274118,High
FOODS_3_739,CA_1,forecast,93.0,3,45.762849967161515,26.55254364013672,72.31539360729823,0.0,Low
FOODS_3_739,TX_1,forecast,86.0,3,43.73174098467102,16.50162124633789,60.23336223100891,0.0,Low
FOODS_3_739,WI_1,forecast,66.0,5,53.79262052695345,16.76065393504867,70.55327446200212,4.553274462002122,Medium
FOODS_3_741,CA_1,forecast,101.0,7,120.24583684075488,38.78119135539452,159.0270281961494,58.02702819614939,High
FOODS_3_741,TX_1,forecast,10.0,7,15.029085145389585,6.100643705572691,21.129728850962277,11.129728850962277,High
FOODS_3_741,WI_1,forecast,13.0,7,13.657585451028034,6.128943459886421,19.786528910914456,6.7865289109144555,High
FOODS_3_744,CA_1,forecast,62.0,7,74.37643026087484,19.723495089471466,94.09992535034631,32.09992535034631,High
FOODS_3_744,TX_1,forecast,18.0,7,18.797759859366778,10.932550608490793,29.73031046785757,11.73031046785757,High
FOODS_3_744,WI_1,forecast,38.0,5,28.62547732704495,11.636320206450412,40.26179753349536,2.2617975334953613,Medium
FOODS_3_752,CA_1,forecast,40.0,5,26.033906026168783,21.5396042744552,47.57351030062398,7.57351030062398,Medium
FOODS_3_752,TX_1,forecast,47.0,7,39.19388088933044,33.09216793372032,72.28604882305075,25.28604882305075,Medium
FOODS_3_752,WI_1,forecast,47.0,5,36.53544937248904,17.444347258631385,53.97979663112042,6.979796631120422,Medium
FOODS_3_755,CA_1,forecast,109.0,5,72.81306721856538,26.990799125694622,99.80386634426,0.0,Low
FOODS_3_755,TX_1,forecast,7.0,3,8.570070264132667,7.370083332061768,15.940153596194435,8.940153596194435,High
FOODS_3_755,WI_1,forecast,26.0,7,33.42064228980611,11.086013015890355,44.50665530569647,18.50665530569647,High
FOODS_3_764,CA_1,forecast,41.0,3,23.425636033173905,19.524639129638672,42.950275162812574,1.9502751628125736,Medium
FOODS_3_764,TX_1,forecast,63.0,7,53.717660348552215,18.898445916111186,72.6161062646634,9.6161062646634,Medium
FOODS_3_764,WI_1,forecast,57.0,3,23.924522046672987,10.923736572265625,34.848258618938615,0.0,Low
FOODS_3_785,CA_1,forecast,108.0,3,67.20070898920945,47.80780792236328,115.00851691157273,7.008516911572727,Medium
FOODS_3_785,TX_1,forecast,74.0,7,111.6797430522523,13.413290509606849,125.09303356185916,51.09303356185916,High
FOODS_3_785,WI_1,forecast,81.0,3,71.30689513944046,12.813348770141602,84.12024390958206,3.120243909582058,Medium
FOODS_3_808,CA_1,forecast,0.0,3,2.9010337943343307,48.82448196411133,51.72551575844566,51.72551575844566,High
FOODS_3_808,TX_1,forecast,0.0,5,7.353938106453612,31.335502879955726,38.68944098640934,38.68944098640934,High
FOODS_3_808,WI_1,forecast,0.0,7,20.189557289765997,21.19977848423395,41.389335773999946,41.389335773999946,High
FOODS_3_811,CA_1,forecast,148.0,3,63.162550232466074,14.540848731994629,77.7033989644607,0.0,Low
FOODS_3_811,TX_1,forecast,131.0,5,99.26551508829317,23.765880732371894,123.03139582066507,0.0,Low
FOODS_3_811,WI_1,forecast,18.0,7,25.717556211445462,10.256937975560314,35.974494187005774,17.974494187005774,High
HOBBIES_1_268,CA_1,forecast,72.0,7,95.62318165479275,39.32502191979944,134.94820357459218,62.948203574592185,High
HOBBIES_1_268,TX_1,forecast,39.0,5,31.434815997725195,11.979256619451988,43.41407261717718,4.414072617177183,Medium
HOBBIES_1_268,WI_1,forecast,47.0,3,18.295859630345472,11.7351655960083,30.031025226353773,0.0,Low
HOBBIES_1_348,CA_1,forecast,64.0,3,21.8710089174116,27.998971939086914,49.869980856498515,0.0,Low
HOBBIES_1_348,TX_1,forecast,17.0,3,13.448730020884305,10.175862312316895,23.6245923332012,6.6245923332012,Medium
HOBBIES_1_348,WI_1,forecast,30.0,3,19.590885566606275,10.554656028747559,30.145541595353833,0.14554159535383349,Medium
HOBBIES_1_371,CA_1,forecast,90.0,5,59.605339522872654,30.221300595957178,89.82664011882983,0.0,Low
HOBBIES_1_371,TX_1,forecast,0.0,3,7.557006045988109,11.380633354187012,18.937639400175122,18.937639400175122,High
HOBBIES_1_371,WI_1,forecast,69.0,5,41.4063575705716,23.79148579778503,65.19784336835663,0.0,Low
HOUSEHOLD_1_303,CA_1,forecast,30.0,5,34.648498714845665,10.62374043482619,45.272239149671854,15.272239149671854,High
HOUSEHOLD_1_303,TX_1,forecast,52.0,5,36.79881977833855,21.551342752121567,58.35016253046011,6.350162530460111,Medium
HOUSEHOLD_1_303,WI_1,forecast,27.0,3,15.530789042748884,10.591292381286621,26.122081424035507,0.0,Low
HOUSEHOLD_1_327,CA_1,forecast,38.0,7,48.227973651853844,11.38412947652549,59.61210312837933,21.61210312837933,High
HOUSEHOLD_1_327,TX_1,forecast,20.0,7,32.7937303913054,21.41864403397793,54.21237442528333,34.21237442528333,High
HOUSEHOLD_1_327,WI_1,forecast,21.0,7,33.78078965186927,16.55808738931606,50.33887704118533,29.338877041185327,High
HOUSEHOLD_1_334,CA_1,forecast,66.0,3,36.648338654854726,13.677111625671387,50.32545028052611,0.0,Low
HOUSEHOLD_1_334,TX_1,forecast,61.0,3,33.13041445972248,20.186552047729492,53.31696650745197,0.0,Low
HOUSEHOLD_1_334,WI_1,forecast,37.0,7,48.38399752836722,14.066491134373175,62.45048866274039,25.45048866274039,High
HOUSEHOLD_1_459,CA_1,forecast,21.0,5,17.65904723295669,13.701771344283818,31.360818577240508,10.360818577240508,Medium
HOUSEHOLD_1_459,TX_1,forecast,55.0,5,41.41796811594807,21.68416859094932,63.10213670689739,8.10213670689739,Medium
HOUSEHOLD_1_459,WI_1,forecast,36.0,5,38.121538698024814,14.308998705937787,52.4305374039626,16.430537403962603,High
HOUSEHOLD_1_521,CA_1,forecast,27.0,5,29.827593189166144,10.610561803631207,40.43815499279735,13.438154992797351,High
HOUSEHOLD_1_521,TX_1,forecast,87.0,7,94.52100222741475,22.481954399592116,117.00295662700687,30.002956627006867,High
HOUSEHOLD_1_521,WI_1,forecast,22.0,3,14.944409611365975,10.471325874328613,25.41573548569459,3.41573548569459,Medium
