policy,fill_rate,stockout_rate,stockout_units,average_inventory,holding_cost,stockout_cost,total_inventory_cost,total_ordered,strategy,z_score,forecast_multiplier,period
Fixed order-up-to baseline,0.9496988935598751,0.0680952380952381,3044.927177246519,38.44359910603973,4843.893487361007,4567.390765869779,9411.284253230786,61805.60603283497,fixed,,,tuning
Forecast ×0.9 / safety 0,0.887683039255208,0.16428571428571428,6798.99490172524,18.082766713583624,2278.428605911537,10198.492352587862,12476.920958499399,50743.00781720993,forecast,0.0,0.9,tuning
Forecast ×0.9 / safety 0.5,0.9388487391193985,0.08476190476190476,3701.730426146335,24.479823897427995,3084.4578110759276,5552.595639219502,8637.053450295429,56229.54666087314,forecast,0.5,0.9,tuning
Forecast ×0.9 / safety 1,0.9641259996220879,0.04317460317460318,2171.5967388765303,32.071926440308275,4041.062731478843,3257.395108314796,7298.457839793638,60146.62381072996,forecast,1.0,0.9,tuning
Forecast ×0.9 / safety 1.5,0.9759825329517391,0.029365079365079365,1453.8733502994228,40.259393571967465,5072.683590067901,2180.8100254491337,7253.493615517034,63256.12974662334,forecast,1.5,0.9,tuning
Forecast ×0.9 / safety 2,0.9814877867537889,0.022063492063492063,1120.6183166461406,48.70670771457349,6137.04517203626,1680.9274749692108,7817.97264700547,65981.16732759288,forecast,2.0,0.9,tuning
Forecast ×0.9 / safety 2.5,0.9836611534325046,0.019206349206349206,989.0557381167691,57.30058784535489,7219.874068514717,1483.5836071751535,8703.45767568987,68504.51245343852,forecast,2.5,0.9,tuning
Forecast ×0.9 / safety 3,0.9849704899948447,0.017619047619047618,909.7963586520705,65.93635210720622,8307.980365507983,1364.6945379781057,9672.67490348609,70975.55438021949,forecast,3.0,0.9,tuning
Forecast ×1 / safety 0,0.9193631395806421,0.11301587301587301,4881.271708625411,21.522327801660328,2711.8133030092013,7321.907562938116,10033.720865947318,53905.59865226857,forecast,0.0,1.0,tuning
Forecast ×1 / safety 0.5,0.954987648763496,0.05904761904761905,2724.7776697505383,28.654305720336627,3610.442520762415,4087.1665046258067,7697.609025388221,58450.62578496801,forecast,0.5,1.0,tuning
Forecast ×1 / safety 1,0.9716028066151913,0.034126984126984124,1718.9957043560084,36.63492786175927,4616.00091058167,2578.4935565340124,7194.494467115683,61845.922543731904,forecast,1.0,1.0,tuning
Forecast ×1 / safety 1.5,0.978998917583334,0.02507936507936508,1271.2795230104557,44.99655028933277,5669.565336455929,1906.9192845156838,7576.484620971613,64685.42127239372,forecast,1.5,1.0,tuning
Forecast ×1 / safety 2,0.9827386248078248,0.02,1044.9000858831337,53.531866269132856,6745.015149910741,1567.3501288247007,8312.36527873544,67303.58325683733,forecast,2.0,1.0,tuning
Forecast ×1 / safety 2.5,0.9843020286781841,0.018095238095238095,950.2609959948088,62.15171849160091,7831.116529941715,1425.3914939922133,9256.50802393393,69790.00489404192,forecast,2.5,1.0,tuning
Forecast ×1 / safety 3,0.9854577902157786,0.016825396825396827,880.2981270780587,70.80200539219953,8921.052679417142,1320.447190617088,10241.49987003423,72251.75031027495,forecast,3.0,1.0,tuning
Forecast ×1.1 / safety 0,0.9398953788713704,0.08492063492063492,3638.3731354004613,25.5084856439961,3214.069191143509,5457.559703100693,8671.628894244202,56392.75495172174,forecast,0.0,1.1,tuning
Forecast ×1.1 / safety 0.5,0.9648094609062463,0.04285714285714286,2130.2240935012883,33.118711261948384,4172.957619005497,3195.336140251932,7368.293759257429,60290.19201159559,forecast,0.5,1.1,tuning
Forecast ×1.1 / safety 1,0.9757600999840177,0.028095238095238097,1467.3381075674731,41.32346419718143,5206.756488844861,2201.0071613512096,7407.7636501960715,63344.86054484568,forecast,1.0,1.1,tuning
Forecast ×1.1 / safety 1.5,0.9810100126905815,0.022063492063492063,1149.5398917883372,49.789625856714906,6273.492857946078,1724.3098376825055,7997.802695628584,66054.44130794107,forecast,1.5,1.1,tuning
Forecast ×1.1 / safety 2,0.9834599099151549,0.01904761904761905,1001.2378131960155,58.37973758170375,7355.846935294672,1501.8567197940233,8857.703655088695,68594.52593384968,forecast,2.0,1.1,tuning
Forecast ×1.1 / safety 2.5,0.9848503222933114,0.017619047619047618,917.0705902966874,67.01760543177367,8444.218284403483,1375.605885445031,9819.824169848514,71070.47570406526,forecast,2.5,1.1,tuning
Forecast ×1.1 / safety 3,0.9858742264754559,0.01650793650793651,855.0895745347552,75.67474261636744,9535.017569662297,1282.6343618021328,10817.65193146443,73524.23926714348,forecast,3.0,1.1,tuning
